0,1,2,3,4,5,6,7,8,9,10,11,12,13,14,15,16,17,18,19,20,21,22,23,24,25,26,27,28,29,30,31,32,33,34,35,36,37,38,39,40,41,42,43,44,45,46,47,48,49,50,51,52,53,54,55,56,57,58,59,60,61,62,63,64,65,66,67,68,69,70,71,72,73,74,75,76,77,78,79,80,81,82,83,84,85,86,87,88,89,90,91,92,93,94,95,96,97,98,99,100,101,102,103,104,105,106,107,108,109,110,111,112,113,114,115,116,117,118,119,120,121,122,123,124,125,126,127,path
0.0,1.9078603,0.0,0.0,0.18108048,0.65039337,0.0,2.5798924,0.0,0.0,3.1296983,0.0,0.0,0.0,0.0,0.0,0.36285084,0.0,3.0249593,0.0,3.0619562,0.0,0.0,0.14803419,0.0,0.0,2.0255404,0.046546526,0.45230237,0.8523431,0.19319586,0.0,0.4534606,0.0,3.705986,3.345682,1.0088226,0.0,0.0,0.0,0.0,0.0,0.0,0.0,0.0,1.5347291,0.0,2.0244093,0.0,0.0,1.0967213,1.2668937,1.3939017,0.0,0.0,0.9781382,1.3710712,1.3313555,0.0,0.0,0.0,1.6744555,0.0,0.0,0.8335113,0.3346482,0.0,0.0,0.0,0.0,0.0,0.0,2.247888,1.292409,1.3808086,0.26118654,2.4946814,0.0,1.0802188,0.82042474,0.0,0.5544527,0.0,0.0,3.561888,0.0,1.3967222,0.0,0.0,1.7978597,0.0,1.4432033,1.3734097,0.062334962,0.0,2.0576963,0.0,0.0,0.0,0.0,2.0286906,0.0,0.0,1.6868622,0.0,0.69883704,1.5719775,0.0,0.6216348,0.0,2.2806444,0.0,1.9541277,0.0,0.0,0.0,0.0,0.0028503223,0.7041588,0.6995016,1.4631631,0.7229905,2.4789572,0.0,0.0,0.0,1.2717068,0.06136816,meta/aditya_jawa_images1.jpg
0.0,4.598214,0.19111538,0.0,0.0,0.0,0.0,1.418825,0.0,0.0,0.4891184,0.91580325,0.0,0.534408,0.3108417,0.0,1.3128395,0.0,0.44449723,2.2859945,0.0,1.1480958,0.0,0.22996132,0.0,0.0,0.9495572,0.0,1.1059004,2.5482564,0.93605876,0.0,0.5258113,0.0,1.6189375,3.661486,2.281526,0.0,0.0,0.0,0.0,0.0,0.0853476,1.231046,2.923306,0.9845979,0.0,0.0,1.0233321,0.0,1.2991374,0.0,0.9381382,0.0,0.33594123,0.0,0.89785194,0.0,0.0,0.0,0.0,0.54654104,0.0,0.0,0.0,1.6547952,0.5803595,0.70473266,1.0566142,0.0,0.17123878,0.0,0.0,0.0,0.87758493,0.0,0.17353822,0.0,2.013924,3.2098687,0.38338637,0.93320304,0.0,0.039350104,1.502937,0.0,0.0,0.0,0.0,1.9209517,0.0,0.0,0.091087095,1.2263652,0.0,0.95323074,0.0,0.0,0.0,0.0,3.084961,0.0,0.52014697,0.88053447,2.1368096,2.0328143,1.1817113,0.0,1.33974,0.0,5.404602,0.0,0.76471686,0.09654881,0.0,0.0,0.0,0.0,0.0,0.6598944,1.1949183,0.0,0.0,0.0,0.0,0.0,0.0,0.5242173,meta/aditya_jawa_images2.jpg
0.0,1.3805453,1.9793309,0.0,1.4670539,0.0,0.0,0.84255475,0.0,1.5346622,1.4727746,2.2942228,0.0,0.0,0.0,1.1005923,0.0,1.2812759,1.3337122,0.26205677,0.36876017,1.5225216,0.0,0.0,0.0,0.0,0.08891683,0.27576017,0.7532649,0.0,0.0,0.0,1.5903164,0.0,0.0,0.4186534,0.0,0.0,0.15496638,0.0,2.4039195,0.0,0.0,0.085694395,0.37682575,0.0,0.0,0.0,0.2538656,0.0,0.29846945,0.28006324,1.0810795,0.44712588,0.0,0.0,0.63079894,0.94034606,0.0,0.0,0.0,0.9768262,0.0,0.466797,0.0,0.54820096,0.0,0.0,0.45877737,0.1021231,0.7613493,0.0,0.5319574,0.0,0.0,0.0,0.0,0.0,0.9483715,0.0,1.0541031,2.3087723,0.0,3.9104538,0.16896878,0.34248343,1.158897,0.0,0.0,2.445918,1.7217327,0.0,1.7271873,0.0,0.0,0.0,0.0,0.33945477,0.5291328,0.0,0.61519855,0.0,0.0,1.3872477,0.39255562,0.0,0.0,0.0,3.3369431,0.98810494,0.0,0.0,0.0,0.1184399,0.0,0.082401626,0.0,0.0,1.7038223,0.041354027,0.0,0.0,1.1756049,1.2566289,0.0,0.0,0.0,0.0,meta/aditya_jawa_images3.jpg
0.0,0.0,1.3184242,0.0,0.12803191,1.396101,0.0,1.248013,0.0,1.5656248,0.0,0.0,0.35575557,1.8288869,0.0,1.121278,0.009890154,0.0,0.9743683,0.0,0.09568388,0.0,0.77030766,0.24903327,1.1507014,0.0,1.0471401,2.0199015,0.0,0.0,0.0,0.0,0.23035754,0.08047114,0.0,0.86860424,0.0,0.0,0.0,0.0,1.4551325,0.53849125,0.0,1.4232401,0.70039153,0.0,0.5517328,1.0585749,0.8988076,0.0,0.0,0.0,1.2899364,0.0,0.72616774,0.0,0.0,1.532594,0.0,0.0,0.20025471,0.6624369,0.58394057,0.1073332,0.0,0.0,0.0,0.0,2.0512576,0.0,0.7170907,0.0,0.53927505,0.0,0.49356672,0.1931728,1.1609819,0.0,0.0,0.0,0.66504955,0.057014845,0.0,1.2938135,2.108273,0.0,0.0,0.0,1.5454712,1.2437816,2.5043845,0.0,0.0,0.6008054,0.0,0.0,0.0,1.3073857,0.046881337,0.0,1.1128535,0.0,0.0,1.3781506,0.0,0.0,1.632559,0.0,2.0278072,0.98330307,0.0,0.0,0.0,1.5637078,0.90154773,1.3106765,0.0,0.0,0.7756862,1.2812546,0.5023418,0.0,2.0128767,0.76891184,0.0,0.0,0.0,0.0,meta/aditya_jawa_images4.jpg
0.0,2.4074411,0.0,0.0,1.2624055,0.40542966,0.0,2.353529,0.1173764,0.0,0.35121238,0.0,0.5400391,0.0,0.0,0.042163305,0.0,1.1504161,0.2842636,0.0,0.0,1.3480885,0.0,0.0,0.0,0.0,3.1304672,0.0,0.0,0.1993054,0.0,0.0,1.5676019,0.64481914,0.0,2.8757212,0.0,0.0,0.0,0.0,2.3665648,2.6790822,0.0,0.0,4.2251744,0.0,0.0,0.37086734,0.0,0.0,2.5350153,1.0791705,0.7535931,0.15594277,0.10806119,0.0,0.043574914,0.7625816,0.0,0.0,0.0,0.21151328,0.0,1.0872233,0.0,0.2767281,0.0,0.0,2.5070062,0.0,1.6295173,0.80525726,1.5540652,0.5529236,0.0016467813,3.1283824,0.0,0.0,0.0,0.0,4.0794644,0.74314994,0.96898985,0.42783472,0.05187381,0.3025443,0.5923334,0.0,2.4403102,3.3668082,0.029641822,0.0,1.720894,1.6045543,0.17260368,0.15621068,0.0,0.89279264,0.076892585,0.0,2.2894666,0.0,0.9028895,0.9534276,0.0,0.0,0.43139654,0.0,3.2517927,0.0,0.0,0.0,2.0057528,0.67209905,0.0,0.019743983,0.0,0.0,0.3086491,0.0,3.6486244,0.0,0.0,0.4489345,0.8766525,0.25043035,0.0,0.0,meta/aditya_jawa_images5.jpg
0.0,0.0,2.972362,2.061931,2.7644355,0.0,1.7472517,0.0,0.0,0.14917125,0.0,0.652068,1.1134073,0.0,2.0297155,0.79112345,0.26761466,0.9812882,0.0,0.0,0.0,0.0,0.0,0.0,0.18437323,0.0,2.5123754,0.0,0.0,0.0,0.0,0.0,3.5924363,0.0,1.8103225,0.61849356,0.625753,1.3186378,0.0,0.5184391,2.5797107,0.0,0.0,0.77690727,2.3478813,0.0,0.0,0.0,0.14152196,0.0,0.5068335,0.0,2.9896846,0.0,0.0,0.0,1.7602689,0.0,0.0,0.0,0.0,0.0,0.0,0.0,0.0,0.7223231,0.0,2.786215,0.3068431,0.0,1.8288635,2.1634076,0.9614614,0.0,2.79944,2.145273,0.0,2.4171321,0.0,3.4352617,1.8685632,0.5647748,0.043408874,0.0,0.0,0.8078849,0.0,0.0,1.9122384,4.313584,0.14056179,0.0,0.0,2.4996245,0.0,1.108971,0.0,0.0,0.0,0.0,0.5665007,1.6200016,0.0,1.5540665,0.6186114,3.0279117,0.0,1.037593,0.0,0.0,1.8207544,0.0,0.020179335,0.0,0.0,2.2177017,0.0,0.0,0.7962145,1.3262628,2.1194065,0.0,0.0,1.499564,0.0,0.0,0.6857304,0.931873,meta/agil_minang_images1.jpg
0.0,0.015530683,2.5047648,0.69531035,2.0190654,0.0,0.06063766,0.94206613,0.0,0.0,0.026121533,0.0,0.0,0.0,0.21387947,0.0,0.0,0.0,1.6359055,0.0,2.864405,0.35597938,0.0,0.0,0.0,0.0,2.3142755,0.0,0.991911,0.0,0.0,0.0,1.3376974,0.0,0.47509927,0.5888058,1.7538571,0.5769652,0.0,0.0,2.3322067,0.0,0.0,2.0819848,3.5104766,0.0,0.0,0.054521933,0.0,0.23108685,2.4278033,0.0,3.7930331,0.0,1.0746071,0.0,0.0,0.0,0.0,0.0,0.0,0.0,0.0,0.0,1.0770442,0.52046007,0.17647567,3.0269392,2.2859168,0.0,0.8518708,2.8667781,0.8198319,0.0,2.0000703,2.414326,0.75932246,1.3015176,0.0,1.1161479,0.0,1.8972743,1.5057669,0.0,0.0,0.0,1.1650008,1.3759868,0.58497393,1.463646,0.0,0.0,0.0,1.3781525,0.0,0.9663578,0.0,0.0,0.042795464,0.0,0.6949242,0.7406892,0.98988026,3.3998373,2.281797,3.7055056,0.0,1.5759436,0.9329049,1.014234,1.707306,0.0,0.0,0.6992982,0.0,1.4431785,0.5009977,0.0,0.9857981,1.478424,0.6614199,0.0,0.0,1.9657788,0.0,0.0,1.5446244,0.2972544,meta/agil_minang_images2.jpg
0.0,0.10772399,0.0,0.0,0.0,0.0,0.7095809,0.892596,0.0,0.22918655,0.0,1.0073135,2.1735973,0.0,0.0,0.0,1.7840973,0.5877666,0.0,0.10270699,0.0,0.72266936,0.0,0.91219264,0.0,0.0,0.0,0.20197491,2.8881116,1.5418032,0.0,0.0,2.3980324,0.0,1.1209087,3.4522336,0.0,1.061072,0.0,0.0,1.4682826,0.0,0.25364533,4.571086,2.4801373,0.0,0.110354856,0.22847262,0.0,0.34606254,2.9548385,2.7379391,0.0,0.0,1.3061796,0.0,0.0,1.1382701,0.0,0.0,0.0,0.1236538,1.4717726,0.0,2.944678,0.0,0.65429777,1.1833838,2.4231515,0.61315215,0.0,0.8859654,0.56719494,2.131907,1.9709138,0.0,0.843088,0.21085659,2.2078466,1.4185964,0.0,1.9517878,0.0,0.0,1.8551399,0.0,0.0,0.0,0.0,0.0,1.7212377,0.0,0.78919077,1.2861136,0.0,1.1440458,0.91008013,0.38837934,0.0,1.1335654,1.898844,0.0,0.72927576,1.8017902,1.8456919,0.0,0.0,0.9653219,0.0,3.8381088,0.8348399,0.0,1.1838912,0.84840333,0.0,0.0,1.6289806,0.0,2.8876874,3.1799786,3.6585007,0.0,1.6063837,0.0,0.0,0.0,0.7923859,0.35015863,meta/agil_minang_images3.jpg
0.0,2.8736858,1.4699886,0.0,0.0,0.0,0.7799453,0.0,0.0,0.74163544,0.0,0.9961463,0.0,0.0,0.80867606,0.0,0.6689327,0.0,0.62346107,0.0,0.0,1.1038345,0.06378372,0.0,0.83142114,0.0,0.0,0.0,1.6475306,0.0,1.5987716,0.0,2.1700327,0.0,2.871096,2.740641,0.0,0.0,0.0,0.58183515,2.89515,0.01622856,0.0,0.10186189,0.0,0.0,0.0,0.0,0.0,0.0,0.0,0.0,1.1189238,0.0,1.2160249,0.22896607,0.0,0.9940665,0.0,0.0,0.0,3.058825,0.0,0.0,0.0,0.0,0.4390785,1.781639,0.0,0.0,0.0,4.229354,1.0630406,0.26772985,3.2434995,0.0,4.1318398,2.037053,0.17492144,1.7752699,1.6177821,3.941649,1.0326757,0.0,1.3830082,0.0,1.2137115,0.7599996,0.98752576,2.2089276,0.84793,0.0,1.0993447,1.0317105,0.0,1.2198843,0.0,0.0,0.0,0.0,1.980879,0.0,2.4722729,2.31138,0.7792378,1.6263832,0.0,1.9375167,0.35381418,0.23392294,0.0,1.1283566,0.0,0.0,0.0,0.31440356,0.0,0.0,0.0,1.0318059,0.0,0.0,0.0,0.0,0.0,0.27981928,1.3465511,0.0,meta/agil_minang_images4.jpg
0.0,1.6981027,2.0131152,0.0,0.0,0.0,2.9247797,0.19405676,0.0,1.3392087,0.0,0.0,0.0026794914,2.318229,0.0,0.19225897,1.6929106,1.4752748,0.0,0.0,0.3039815,0.5795548,1.8181523,0.0,0.5254162,0.0,1.8581716,0.20891644,0.0,1.7608131,0.0,0.0,2.9177532,0.0,0.0,0.0,4.2239146,0.0,0.0,0.0,0.0,0.0,0.020209208,1.3515767,2.3743253,0.0,0.0,1.4346464,0.0,0.0,1.776083,0.0,0.9703947,0.0,1.0980178,2.3974104,1.2623708,0.0,0.0,0.67207,0.0,3.100427,0.0,0.70136374,0.0,0.663414,0.09422985,0.9437483,4.4085627,0.0,0.0,0.0,0.0,1.1711264,0.97890687,2.3228014,0.0,1.5317553,0.0,0.30998856,0.0,0.0,0.0,1.639049,1.0490508,0.5817608,0.72325444,0.0,1.1317455,2.983841,1.4732332,0.0,1.6444677,0.65103,0.69249815,1.1484562,0.0,0.384159,0.054062083,0.0,0.13218647,0.0,0.0,0.7929313,1.172047,0.0,0.0,0.012316043,1.4721726,0.0,0.0,0.0,0.0,0.0,0.0,0.0,2.1826034,0.0,0.0,1.0853045,0.0,0.5149532,0.78645986,1.4606441,0.0,0.0,3.2778428,0.0,meta/ares_sunda_images1.jpg
0.0,0.011114124,1.3117304,0.0,0.0012532976,0.0,1.469517,0.37296274,0.0,0.0,0.0,0.0,0.0,0.76434743,0.0,0.0,0.08211454,1.1218832,0.0,0.0,0.0,0.3085158,0.33584762,1.5989281,0.0,0.0,1.7056227,0.0,0.0,0.9838859,0.0,0.041139275,1.3080369,0.35484406,0.06491771,0.0,4.248907,0.0,0.0,0.18241625,0.0,0.0,0.92026526,0.732633,2.9552512,0.0,0.0,0.30335027,0.0,0.0,0.5152905,0.07808857,0.0,0.0,0.0,1.1358979,0.5705174,0.5161063,0.0,0.0,0.0,1.1924826,0.0,0.9862334,0.055999324,1.8175329,0.0,0.0,3.5707283,0.0,0.18227397,0.0,0.0,0.0,1.9240055,1.0504781,0.0,0.7929853,0.77788115,0.0,0.0,0.0031297915,0.0,0.0,0.78137654,0.52740544,0.0,1.0404966,1.6261975,1.6098589,1.2504385,0.0,1.3023698,0.0,0.16371447,0.6393718,0.42785648,1.7873273,0.0,1.1279874,0.35002482,0.67207235,0.20105283,1.7534492,0.4698445,0.5835131,0.0,0.0,1.2808068,0.0,0.0,2.8737974,0.05442768,0.0,0.0,0.0,0.0,0.0,0.0,0.0,0.0,1.3186997,0.0,1.9859365,0.0,0.0,1.0027599,0.0,meta/ares_sunda_images2.jpg
0.0,0.044567727,1.360212,0.0,0.0072808517,0.0,1.1290963,0.0,0.0,0.0,0.0,0.0,0.0,0.4932051,0.0,0.1456592,1.3414474,1.171786,0.0,0.0,0.0,0.94875157,0.0,0.9981579,0.0,0.27507675,0.9377645,0.0,0.13092051,1.5288329,0.0,0.0,0.9047824,0.24150594,0.37493002,0.0,4.3248024,0.0,0.0,0.0,0.0,0.0,1.198994,0.8276274,3.3783891,0.3855114,0.0,0.0,0.0,0.0,0.62714374,0.0,0.0,0.0,0.23059334,0.45555648,0.0,0.7169619,0.0,0.0,0.0,0.0,0.0,0.95004725,0.0,1.2689829,0.0,0.0,3.372491,0.0,1.0092866,0.0,0.0,0.0,1.5003145,1.7839662,0.0,1.0181823,0.36109033,0.49635053,0.61625445,0.0,0.0,0.9355799,1.1860027,0.29167575,0.0,0.6896505,0.5777556,2.1585383,0.38768905,0.0,0.89516544,0.0,0.64118135,0.16163915,0.4305874,1.7665488,0.0,0.9711594,0.0,0.53122413,0.0,1.2138109,0.43938997,0.5613356,0.0,0.0,1.548991,0.0,0.0,3.3371212,0.10286001,0.16596435,0.0,0.0,0.9102857,0.12685286,0.08223027,0.0,0.0,1.4733438,0.0,2.5720136,0.0,0.0,0.4173716,0.69993436,meta/ares_sunda_images3.jpg
0.0,2.4189618,0.0,0.0,0.0,0.7358049,0.6943141,0.74458957,0.0,0.0,0.0,0.0,0.0,1.1740448,0.0,0.0,0.0,1.0444508,0.94813025,0.0,1.2120807,1.0491544,0.0,1.3070776,0.0,0.0,0.0,0.0,0.0,2.2648048,0.24058747,0.0,3.4614344,1.4215354,0.0,2.3315756,0.73167586,0.0,0.0,0.29582205,0.0,0.0,0.24719167,2.3199122,3.1543753,0.0,0.0,0.0,2.6694403,0.0,1.6123556,0.0,0.0,0.0,1.3807187,0.4684611,1.8862306,0.0,0.0,0.0029883217,0.0,0.05124781,0.0,0.0,0.0,0.6634281,0.61560816,0.0,0.9835159,0.0,0.0,0.0,2.1504931,0.0,4.4634323,0.0,1.545995,0.72078544,2.686857,1.5762522,0.0,4.0847955,0.0,0.32842,1.5812627,1.616928,0.0,0.0,0.0,2.4104738,2.0079322,0.43711576,0.46504113,0.006577754,0.0,1.5395887,0.0,3.1346624,0.0,0.7716962,0.0,1.1381348,0.49722087,2.563476,2.172554,1.1651196,0.21134849,0.0,1.3637456,0.082028374,1.0813037,0.8533763,0.084521085,1.2802048,0.0,0.0,0.51811564,0.0,0.0,0.0,1.4967918,0.0,0.0,0.0,0.0,0.0,0.0,0.0,meta/ares_sunda_images4.jpg
0.0,3.1696455,0.0,0.0,0.13853206,0.0,0.25376537,0.0,0.0,0.0,0.0,0.0,0.9861352,0.0,0.043909244,0.0,0.0,0.0,1.9220945,0.0,0.0,0.031014655,0.0,0.0,0.0,0.0,1.1220478,0.0,0.0,1.3243383,1.7916061,1.4846561,0.17838198,0.7245842,0.86158425,2.2561204,0.0,0.0,0.0,0.8092431,0.0,0.0,0.0,2.8173409,3.907923,0.0,0.0,0.0,0.9740307,0.0,0.0,2.4983816,0.0,0.0,0.51661086,0.51708806,1.4123412,0.0,0.0,0.0,0.0,0.0,0.0,1.2129911,0.0,0.0,0.0,1.5121013,0.0,0.0,0.018867616,0.0,0.4333597,0.0,2.3078156,0.16824524,2.000744,0.36653307,1.4665809,3.4133015,0.80328697,0.40798843,0.0,0.8201053,2.0273824,1.3732966,1.0998703,0.0,0.0,4.685853,0.7940231,0.0,1.6702088,0.0,0.24691562,2.6420808,0.0,2.2011695,0.0,0.0,0.0,0.0,0.0,0.0,1.9417621,0.44361788,0.0,0.1081119,0.0,1.1551603,1.8404199,1.6741195,1.8484253,0.0,0.0,0.0,1.9259582,0.0,0.0,0.0,2.4625282,0.0,0.0,0.0,0.0,0.0,0.776672,0.29024115,meta/ares_sunda_images5.jpg
0.53174394,0.38866222,0.0,0.0,0.0,1.1363115,1.6921722,0.054022014,0.0,0.0,0.0,2.0429108,0.0,0.0,0.0,1.2092924,0.0,0.0,0.77956903,0.0,1.9543014,2.3172817,0.0,2.4316666,0.6419282,0.0,2.0042665,0.0,0.8268928,0.48843056,1.731863,0.1184705,0.0,0.0,0.0,1.5015674,0.0,0.0,1.5780258,0.0,0.44583675,0.0,1.123401,1.4049667,3.1086028,0.0,0.0,0.0,2.9244483,0.0,1.1362873,0.4950425,3.4599285,0.0,0.9943378,0.0,1.0139782,2.8036199,0.0,0.6700963,0.06632291,1.5495195,0.0,0.0,2.464539,0.7329129,0.0,1.7397887,4.0907984,0.0,0.02014565,0.24736476,0.0,2.7843444,0.0,3.68637,2.765075,1.4472852,0.0,0.0,0.7927867,3.612773,2.3025987,3.692863,0.0,2.2955048,1.1281316,0.70441115,0.0,1.4039066,0.08617886,0.42880994,3.5439615,1.3869671,0.0,0.0,0.0,0.0,0.0,0.0,0.0,1.0488673,3.074467,1.8618132,2.9178188,0.0,0.0,0.0,1.7145462,0.6882442,3.6924174,1.6939853,2.5370436,1.8911608,0.4244491,0.0,1.332009,0.0,0.08206509,0.0,1.3567464,0.0,0.0,0.5282436,0.9165309,0.0,0.0,2.057541,meta/banda_sunda_images1.jpg
0.0,2.2389154,4.428596,0.0,0.3444047,3.152992,2.891023,0.0,0.0,0.0,1.22685,1.3732345,0.0,0.0,0.0,1.9107713,1.7850977,0.0,0.0,0.0,0.33127475,1.1213468,0.46632227,2.648958,0.0,0.0,3.4386928,0.023966223,0.0,0.8912933,0.0,0.0,0.46397215,0.0,1.5265777,0.0,0.0,0.0,0.0,0.0,1.8973455,0.23257625,0.0,0.0,3.296932,0.0,0.0,0.0,1.0053979,0.0,0.0,1.2214497,2.2705488,0.0,0.22597164,0.0,0.5400492,1.3575048,0.0,0.0,0.0,0.0,0.0,1.4193623,4.1656666,1.6997484,0.0,1.8291041,1.2814184,0.0,0.0,0.0,1.7122296,0.0,0.9065221,1.3376739,0.0,1.9637324,0.0,0.0,1.2161099,3.597957,0.0,1.1529661,0.0,0.6595051,0.0,0.0,0.0,2.213525,0.0,0.0,0.0,1.9306095,0.5642202,0.7110035,2.515717,0.0,1.3569968,0.0,0.0,0.0,0.0,1.180506,1.8944606,0.0,0.53273195,0.0,2.5228415,0.0,1.2955751,1.2773916,1.0816554,0.79450184,0.0,0.0,4.229715,0.0,0.0,2.234248,1.7460014,1.933408,0.0,1.1513218,0.6289511,0.0,0.0,0.84651285,meta/banda_sunda_images2.jpg
0.0,3.018299,4.248201,0.0,0.063821204,1.0894579,3.7460773,0.0,0.0,0.0,1.3097692,0.8607912,0.0,0.0,0.0,0.41921616,1.5397992,0.0,0.0,0.0,0.37110922,0.09277927,0.0,2.2316127,0.59922934,0.0,0.9051088,0.013666319,1.262812,1.5592637,1.8799367,0.0,0.48110223,0.2134941,1.8534607,0.0,0.0,0.0,0.0,0.0,1.9118859,0.67631835,0.5769983,0.3025853,3.1998885,0.0,0.0,0.0,0.686641,0.0,1.1979424,1.099274,1.3020631,0.0,0.0,0.0,1.5414063,0.8179772,0.0,0.0,0.0,0.76813054,0.78901184,0.8588082,2.6440988,2.3318775,0.0,1.2143226,0.27401602,0.0,0.0,0.0,3.2800856,0.0,1.3975954,0.16981862,1.2342759,1.2170774,0.13129681,0.0,1.7410973,2.1136067,0.70043606,1.5389537,0.25336173,0.0,0.0,0.0,0.0,1.7906666,0.0,0.6534899,0.0,1.7486432,0.38472527,0.20892297,0.5614198,0.0,1.2447778,0.3231332,0.0,0.27646768,0.0,0.099973895,1.7258576,0.0,1.890626,0.0,2.1433642,0.3218118,0.0,0.056008387,0.0,1.904482,0.0,0.0,2.7951984,1.7428933,0.0,2.6365995,1.9156485,1.8386542,0.0,0.92863905,0.0,0.08528707,0.0,0.0,meta/banda_sunda_images3.jpg
0.48607016,2.0921257,1.3829849,0.0,0.0,1.180893,0.5120368,0.0,0.0,0.5862277,0.0,2.600262,0.0,0.0,0.2181507,0.9231432,2.345389,0.0,0.0,0.0,0.0,0.0,0.0,1.1009088,0.0,1.2637168,0.0,0.0,0.0,0.09792355,0.0,0.0,0.15685788,0.0,1.4324384,1.4649613,0.0,0.0,0.0,0.26807633,1.141848,0.5569167,1.3325981,0.0,0.07579466,0.0,0.0,0.0,0.0,2.8106625,0.752315,0.59294504,0.63017887,0.0,0.0,0.0,0.0,2.319419,0.1814571,2.1561458,0.0,0.0,0.0,0.0,3.295084,0.0,2.8112357,0.0,2.00611,0.0,0.0,0.0,1.4099667,0.1429558,1.2048552,0.0,1.9002821,3.6689692,0.0,0.71546733,1.4008818,0.0,0.19095449,1.3068877,0.0,0.6789497,0.0,0.0,0.5892522,2.2920651,0.0,1.8387063,2.0783715,0.0,0.0,1.2418765,1.4803147,0.0,0.0,0.0,1.4549626,0.0,0.0,0.37253216,0.11539065,0.0,0.0,2.018919,0.0,0.0,1.54294,0.0,0.87570864,0.0,0.0,1.1004355,0.0,0.0,0.0,0.0,2.1249452,0.12944882,0.0,0.0,3.3197417,1.0870268,0.10029714,1.1140997,meta/banda_sunda_images4.jpg
0.0,0.0,0.112425976,0.0,0.0,3.0046837,0.26251996,0.0,0.0,1.4452643,0.0,0.0,0.0,0.07679207,0.0,2.1748216,1.6492099,0.7964013,1.8393936,0.0,0.61568624,2.5407028,0.0,0.0,0.0,0.0,1.5630496,0.0,0.68319046,2.9960618,1.0414348,0.22124693,0.0,0.0,0.826958,0.03770964,0.48136023,0.0,0.0,3.5133219,0.0,0.0,0.0,0.0,0.7687737,0.081545584,0.3321934,0.0,0.6158305,0.0,0.0,2.7611465,0.0,1.270336,0.57285434,0.0,0.0,0.33772647,0.0,0.0,0.0,0.0,0.0,1.940082,2.2718852,2.6016304,0.0,0.0,0.0,0.0,0.0,0.0,1.0556483,0.0,1.831847,0.0,0.83255035,0.0,0.0,0.0,0.35825366,3.8981583,0.17524493,1.1084319,1.112799,0.45779562,0.0,0.0,0.0,3.0033903,0.16766037,0.029803665,2.0959542,0.5740806,0.0,0.30905017,0.024344057,0.0,0.0,0.0,0.5460695,0.0,0.818628,0.0,0.0,0.0,0.0,0.6797802,3.319458,0.0,0.90401626,0.0,1.2500174,1.1247133,0.0,0.100031406,0.0,2.6493778,0.0,1.9659,0.7228116,0.5608161,0.0,1.6661054,0.0,1.7528857,0.0,0.0,meta/banda_sunda_images5.jpg
0.44083935,2.5888598,1.1223179,0.0,0.0,0.0,0.0,0.0,0.0,2.224275,0.6931791,0.0,0.38696548,0.0,0.0,0.0,0.0,0.0,0.0,0.48677298,0.0,2.950942,0.0,0.0,0.0,0.0,0.27501822,0.11297892,0.0,1.7905979,0.0,0.0,0.6789177,0.32930496,0.0,0.0,1.0011743,0.0,0.0,0.07218267,2.8647113,1.1746613,0.0,1.6747854,3.6728158,0.73358077,0.0,0.0,1.7000601,0.0,0.32787558,0.0,2.0740654,0.0,0.0,0.0,0.0,1.0094509,0.0,0.0,0.0,0.3225373,0.0,0.893663,0.8582038,1.4552304,0.0,1.3485636,3.688194,0.0,0.26674804,1.0172102,0.0,0.7064306,0.0,0.54275084,0.52491856,0.76949006,0.0,1.4037547,3.250377,1.1543658,1.2330506,3.252052,0.8848754,0.0,0.733834,0.0,0.060554832,0.26722014,0.0,0.0,0.0,0.0,0.0,1.7378787,0.0,0.60983634,0.0,0.0,0.0,1.3252956,1.7186211,1.6339958,0.45896798,0.0,0.58287543,0.0,2.4114516,1.078155,0.0,0.0,1.1726713,0.0,0.0,1.4052117,1.5153505,0.0,0.0,0.46256453,0.0,1.0435417,0.78627765,0.2656492,1.3219168,0.0,1.4393853,0.83427197,meta/hakim_batak_images1.jpg
0.1899049,2.177038,2.2737305,0.0,0.27696872,0.39632604,0.0,0.0,0.0,2.7226212,0.0,0.0,0.8906499,0.0,0.0,0.2882179,0.026760858,0.19674808,0.0,0.058472984,0.0,3.44833,0.0,0.0,0.0,0.0,0.7316018,0.0,0.0,2.5764608,0.0,0.17159855,0.05968287,0.27356416,0.0,0.0,1.070414,0.0,0.0,0.37818143,2.175194,0.82715374,0.18415175,0.8721598,4.2524214,0.19272228,0.0,0.0,1.2750823,0.0,0.5632216,0.0,1.432614,0.0,0.0,0.0,0.0,0.9832027,0.0,0.0,0.0,0.0,0.0,1.1943128,1.3473763,1.4689385,0.0,1.9750704,3.5335464,0.0,0.6764021,0.5444677,0.0,0.98290294,0.0,0.74449754,0.72485065,1.8856057,0.0,1.1070564,3.060676,0.92029184,1.2750688,3.271903,0.3426493,0.08969641,0.31108293,0.0,0.26479793,1.0232834,0.0,0.0,0.0,0.0,0.0,2.15107,0.104323976,0.0,0.0,0.0,0.0,0.67421144,1.9111923,2.3747585,0.007086762,0.0,0.14176503,0.0,2.858199,1.5628077,0.0,0.036215276,1.2734476,0.0,0.0,0.4054797,2.264074,0.0,0.0,0.21029975,0.6487466,0.5211754,1.532987,1.1024,1.8731403,0.0,0.45250404,0.6355081,meta/hakim_batak_images2.jpg
0.0,2.6272328,2.223495,0.0,0.0,0.07453439,0.0,0.0,0.0,2.334446,0.40692645,0.0,0.0,0.0,0.0,0.0,0.0,0.0,0.63672245,0.0,0.0,2.462269,0.0,0.0,0.0,0.0,0.4917449,0.89777756,0.0,1.1691697,0.0,0.0,0.2119731,0.0,0.13879162,0.0,1.4272904,1.0821966,0.0,0.87100196,1.7402109,2.2362046,0.21366118,2.5068202,4.345011,0.9701133,0.0,0.0,1.2985728,0.0,0.0076022185,0.0,1.8420861,0.0,0.0,0.0,0.0,0.0,0.0,0.0,0.0,0.31721282,0.0,1.1567785,0.85717726,1.1675534,0.0,2.1041346,3.0748162,0.0,0.8752879,0.56099963,0.0,1.0632751,0.0,0.16699198,0.5110664,1.2969689,0.0,2.5794413,3.5734854,1.7276337,2.0619562,2.2567956,0.0,0.0,1.0920473,0.0,0.0,0.93193686,0.0,0.0,0.0,0.0,0.0,1.6315594,0.0,0.0,0.0,0.0,0.0,0.04073829,0.80047137,1.5251975,1.2100258,0.0,0.6224109,0.0,2.113754,1.4435776,0.0,0.0,1.274199,0.0,0.0,0.0,1.6590327,0.0,0.0,0.0,0.23776965,1.2320223,0.8097499,0.5788173,1.8340259,0.0,0.9521643,0.46290502,meta/hakim_batak_images3.jpg
0.0,0.9565438,1.1248728,0.0,0.0,1.7742151,3.3829591,0.0,0.0,0.5934886,0.96857566,1.0400227,0.0,1.0605384,0.0,1.7205713,1.7071283,0.0,0.99354035,0.0,0.0,1.174595,0.0,0.0,0.0,0.0,2.5815113,0.39089593,0.0,0.12645344,0.0,0.0,0.6973941,0.0,0.0,1.1611108,0.83343065,0.0,0.16729991,0.0,0.0,0.0,0.0,0.0,0.0,3.3089988,0.0,2.4758816,0.5969131,0.0,1.0406618,0.0,0.0,0.0,1.2145128,0.5167309,2.2710164,0.0,0.0,0.5693064,0.0,0.0,1.5228353,0.380998,0.0,0.0,0.0,0.0,1.7634478,0.0,0.3913478,0.0,0.0,0.026512008,2.6580577,2.8828475,1.6129774,0.0,0.0,1.9064671,0.60467654,4.077732,0.0,1.9259257,2.752477,0.47826082,0.0022577306,0.0,0.0,1.9913656,0.025248863,1.2026494,0.0,0.0,0.0,1.373998,0.0,0.0,0.0,0.0,0.0,2.5761352,0.0,1.6821477,0.0,0.0,1.9616635,1.1618005,0.67452765,0.0,0.061677553,0.9604118,1.2225797,1.234796,1.440011,0.014139241,0.0,0.0,0.9130347,1.1882076,0.95634764,0.0,1.7718482,0.0,0.81075156,0.0,1.7805711,0.0,meta/hakim_batak_images4.jpg
0.0,0.94358337,2.01137,0.0,0.51596904,0.0,2.2077157,1.4088699,0.34341365,1.0960829,0.0,0.31690738,2.682827,0.18879163,0.3629309,0.0,0.0,0.0,0.6907823,0.32479665,0.0,2.3230684,1.0806098,0.0,0.28170437,0.0,1.9165169,0.0,0.56279224,2.68742,0.0,0.0,2.314454,0.0,0.0,2.4730923,1.0983691,0.0,0.0,0.4616685,1.1914432,0.16698313,0.0,1.9770617,3.0819316,0.0,0.0,0.0,2.341253,0.0,0.3779115,0.0,0.6635507,0.6200355,0.0,0.0,3.3569636,0.0,0.0,0.13604502,0.0,0.5874221,0.0,0.19817501,0.0,0.66177905,0.0,2.0691135,1.8822092,1.0443761,1.1817284,0.0,0.25822482,0.0,0.895519,0.20222735,2.6027896,0.43866023,0.0,1.5914924,0.32956573,0.88405305,0.0,1.7699519,3.5409646,0.0,0.0,0.0,1.461087,0.3707399,0.0,1.4645396,0.7483659,0.0,0.0,0.41706973,0.0,0.31570068,0.0,0.0,0.78440267,0.0,2.7425005,2.7888687,0.5668115,0.0,1.497052,2.0305128,0.0,0.0,1.451737,0.0,0.0,0.0,0.0,0.00879264,0.0,0.0,0.43194884,0.0,2.2959504,0.0,0.0,0.4754036,0.0,0.0,0.38150755,0.0,meta/hakim_batak_images5.jpg
0.0,1.6728996,0.44983646,0.0,1.3494226,0.0,0.3626227,1.2242517,0.0,0.50850934,0.0,0.0,0.0,0.0,0.0,0.13165475,1.5486748,0.07411154,1.765265,0.0,0.06277607,0.0,0.0,0.0,0.0,0.0,1.1176015,0.0,0.0,0.48507085,0.20714945,0.0,0.0,0.0,0.027574843,0.54225343,0.0,0.0,0.0,0.070300765,0.5061864,0.5792423,0.0,0.04393561,2.119365,0.46001706,0.0,1.9745759,0.0,0.6776036,0.4383621,0.0,0.8559629,0.0,0.7129796,0.0,0.31261566,0.0,0.48154205,0.0,2.3922818,0.0,0.0,0.0,0.3767832,0.0,0.04057735,3.0883324,0.2513089,0.0,0.42616892,0.0,1.8356864,0.0,0.28618228,2.692751,0.0,1.6541884,0.3243177,4.624751,0.0,3.7266538,0.10171836,0.10868883,2.0056236,0.0,0.0,0.0,0.4573927,4.572423,0.5723975,0.0,0.0,1.7148794,0.5500974,0.0,0.9374911,0.0,0.0,0.0,1.2838945,0.34153208,0.14697056,0.5808791,0.0,1.8066777,2.6268463,0.026121866,2.3003263,0.7226908,0.7485757,0.0,1.8823513,0.0,0.0,0.0,0.12663344,0.0,1.450593,0.0,1.7412158,0.0,0.0,0.8198452,0.0,0.0,1.5198225,0.0,meta/nalendra_sunda_images1.jpg
0.0,3.609285,0.0,0.0,0.0,0.0,1.1762575,0.0,1.2564926,0.94839317,0.0,1.5097564,0.0,0.0,0.0,0.959599,0.0,0.0,0.0,0.0,0.0831645,0.0,0.0,0.0,0.5726793,0.0,2.7022293,0.0,1.2963631,0.44583416,0.2585126,0.0,2.1601267,0.0,2.3243709,0.9720045,0.0,0.0,0.0,3.6149542,2.8832238,0.0,0.0,1.0504107,1.0634291,1.7313886,0.0,0.0,0.0,0.0,0.72009885,0.13687915,0.0,0.0,4.250238,0.0,0.0,0.0,0.0,0.0,0.0,0.0,0.0,0.0,1.8349531,0.0,0.2828896,0.7876803,0.48748422,0.6425048,1.0035702,0.08899422,0.0,0.528991,1.7215968,1.6671795,0.5045539,3.2217143,0.7630089,3.5159037,0.6006366,1.2714878,2.5495474,0.0,3.1717343,0.0,0.0,0.0,0.0,5.04693,0.0,0.0,0.0,1.738695,0.0,0.6506471,0.74232244,0.7801995,0.0,0.0,2.1237462,0.0,0.0,2.084341,0.843634,0.33976611,0.0,0.0,2.857251,1.2488402,0.8061282,0.0,1.5198382,0.0,0.0,0.0,0.85135806,0.0,0.0,0.0,0.0,0.0,0.65077734,0.0,0.0,1.4599537,0.0,2.1036208,meta/nalendra_sunda_images2.jpg
0.0,3.968895,2.8958993,0.0,0.097996585,0.7053058,3.9048557,0.056404687,0.0,1.4701712,0.8753355,0.0,0.0,0.9921545,1.3797761,0.0,1.4062396,0.0,0.0,1.0926013,0.85336936,0.40831417,0.2216238,0.0,0.43357542,0.0,1.7378433,2.1454687,1.042784,3.5755162,0.0,0.0,0.058721937,0.0,0.98045737,0.0,0.0,0.0,0.0,0.0,3.1355731,0.0,0.0,2.9085855,2.7105036,2.0034711,0.0,0.0,0.4648163,0.0,1.2589899,0.0,2.0381927,0.0,0.36186945,1.6830679,0.0,0.0,2.4229503,0.0,0.0,0.0,0.9631278,0.7269654,2.4686666,2.6570938,3.5712333,1.2630144,1.5325009,0.0,0.0,0.0,0.32098553,0.0,0.0,0.24000952,0.37412798,0.0,0.0,0.0,1.2796234,1.907972,0.0,0.0,2.9326973,0.74144053,0.0,0.27475202,0.0,3.31729,0.9022403,0.0,1.3224014,1.0658321,0.0,0.4116431,0.8335548,0.0,0.0,0.97151566,0.4752663,0.10150248,0.0,0.34669027,0.0,0.0,0.0,0.0,0.6646095,0.0,3.4729347,0.0656333,0.3132817,0.22986689,0.0,0.0,0.0,0.0,0.0,1.5883312,0.18935388,1.5845674,0.0,1.4610522,0.0,0.0,0.0,0.0,meta/nalendra_sunda_images3.jpg
0.0,1.5140663,2.032922,0.0,0.60388035,0.0,2.0692263,3.798492,0.0,0.8099787,1.4628779,0.0,0.654285,0.0,0.3637124,0.0,1.6318042,0.0,0.0,0.0,0.26267207,0.0,0.0,0.0,0.3531532,0.0,1.22096,0.45638138,0.28774983,0.7086779,0.0,0.0,0.0,0.0,1.5903838,0.13525869,0.0,0.0,0.0,2.5366704,0.021418056,0.0,1.9768119,0.0,0.77994734,1.6229221,0.0,1.3802196,0.31136358,0.0,1.8586705,0.0,0.102874786,0.0,0.19210203,0.0,0.24197452,0.0,0.0,0.0,0.0,1.4765497,0.0,0.0,0.0,0.47567865,2.0001597,2.8488476,1.2927446,0.1488099,0.07580117,0.0,1.9859847,0.0,2.5401855,0.0,0.0,0.20979117,0.0,1.8307862,0.0,3.976642,0.0,0.0,2.594861,0.0,0.0,0.0,0.0,4.814241,0.0,0.96005887,0.0,0.914974,0.0,0.0,0.0,0.0,0.0,0.0,0.13903832,0.0,0.030245729,1.328183,0.0,0.5334462,0.0,0.0,1.5274975,1.0587901,0.0,0.0,1.2312925,1.3482604,0.12218841,0.78940034,1.3081237,0.0,2.0432906,0.0,4.744228,0.0,0.0,0.3252014,1.0160639,0.55773574,0.33269095,0.0,meta/nalendra_sunda_images4.jpg
0.0,2.1908839,1.429691,0.0,0.4851104,0.0,2.4967592,3.7219558,0.0,1.8424925,0.0,0.0,0.0,1.1228907,0.0,0.0,1.4995731,0.0,0.0,0.0,0.0,0.0,0.19925576,0.0,0.4614982,0.22131965,2.6211028,1.5499988,0.32368407,0.08731592,0.0,0.0,0.06454059,0.0,1.3480809,0.011848672,0.0,0.0,0.0,2.3556406,0.0,0.36677945,0.0,0.0,0.4859401,1.288705,0.75041157,1.1237323,0.0,0.0,1.591659,0.0,1.28938,0.0,0.0,0.0,0.0,0.0,0.0,0.0,0.587363,0.0,0.0,0.0,0.0,0.0,1.6092681,1.1323036,0.0,0.774839,0.0,0.4707262,1.3056386,0.7655208,1.3297197,0.0,0.0,0.7701144,0.0,1.6066903,1.4134732,3.5591633,0.0,1.8463297,1.6536771,0.9640191,0.27919754,0.135103,0.0,3.9938827,0.0,0.8221263,0.76637447,0.31784028,0.0,0.0,0.0,0.7728026,0.2988805,0.0,0.42998755,0.0,0.24263592,1.4304535,0.0,1.1522632,0.0,0.0,0.28379327,1.3683993,0.4145034,0.0,0.0,0.96820647,0.0,1.1905415,0.8293658,0.0,1.3787508,0.0,4.7372293,0.86655515,0.8905606,2.1313298,0.0,2.421519,0.0,0.0,meta/nalendra_sunda_images5.jpg
0.0,0.7901132,2.2022886,0.0,0.35296136,0.0,2.209033,4.7695546,0.0,0.0,0.0,0.0,1.5636972,0.0,2.6255512,0.27769825,1.1297302,0.31924614,1.3970606,0.0,2.8534112,0.0,1.6658574,3.5689976,0.0,0.0,2.6546364,0.0,3.0349603,0.0,0.0,0.0,0.0,0.0,2.0712137,0.38762814,0.0,0.38688344,0.0,0.80647385,1.664886,0.0,0.0,1.7195082,2.3257763,0.0,0.0,0.0,1.7695208,0.0,0.0,0.0,0.0,0.90170044,0.0,0.113700435,0.0,1.1393646,0.0,0.0,0.0,0.0,1.6791309,3.1380131,0.60036343,0.4651194,0.36235473,1.8003169,3.20896,1.0496292,0.0,2.2047977,3.685246,0.0,4.2231317,0.0,1.6713123,1.4305497,0.24050575,2.4343848,0.0,0.0,0.0,0.52119094,0.51090753,0.0,1.7406236,0.0,1.5473621,2.7802992,0.0,0.0,0.0,0.57881206,0.06459645,4.008477,0.0,0.77372235,0.0,0.0,0.0,0.0,1.9124352,1.0335542,1.7600809,1.2566792,0.0,2.7320206,0.0,1.332782,1.1095393,0.47192883,0.0,0.0,0.0,1.3192091,2.1256986,0.0,0.0,0.968796,2.465546,1.8399426,0.7946167,1.4422915,0.0,0.2753602,0.0,1.0976086,meta/natasya_sunda_images1.jpg
0.0,2.6068604,1.1441437,0.0,0.0,0.68509036,0.9544865,0.0,0.89048886,2.4651115,0.0,0.0,0.9132321,0.7077977,0.0,0.0,0.24062553,0.0,0.9375322,0.22273076,1.9214151,0.0,0.0,0.55570525,0.0,0.0,2.1637611,0.08504046,0.0,1.1412588,0.8325357,0.0,0.0,1.2107619,1.3505428,2.4010246,0.0,0.0,0.0,0.0,0.0,0.0,0.0,0.0,2.8121672,0.0,1.5128889,0.0,0.0,0.0,0.109226145,0.0,0.009738091,0.0,0.0,0.0,0.0,0.0,0.0,0.026577948,2.283288,1.7829888,0.0,0.0,0.0,0.0,0.23395894,0.7706133,2.415698,0.0,0.0,0.0,0.0,0.0,2.7301803,0.0,2.79627,0.32134417,1.0294971,2.483035,0.0,0.04499899,0.47180685,0.86903834,2.019569,2.0265458,2.494883,0.0,1.64585,1.3238746,1.5837793,0.0,3.1921515,0.4882975,0.0,1.8584268,0.0,0.0,0.0,0.0,0.10477588,0.0,0.0,1.4162331,0.0,0.7616603,0.72381854,1.6756727,0.0,1.887081,0.35880065,1.2627965,3.5375097,2.036608,0.0,0.0,4.740489,0.0,0.0,0.0,0.9751889,0.0,0.0,0.0,0.0,1.717224,0.105502516,1.5335256,meta/natasya_sunda_images2.jpg
0.0,4.0539417,0.0,1.8941898,2.1035564,0.3331759,0.40706587,1.5577302,0.0,1.057974,0.0,0.0,0.0,0.49571973,2.6148317,1.0700454,3.87367,3.2123299,0.9737548,0.5260639,2.172449,0.0,1.3665855,0.10750814,0.0,1.6499553,4.179237,0.0,1.9028292,0.0,0.0,0.0,0.0,0.0,2.4920168,0.0,1.0827322,0.0,0.0,0.0,4.691645,1.6674824,0.0,5.022363,4.288832,0.0,0.0,0.0,0.0,0.0,0.27572942,0.0,0.26192838,1.9259782,0.0,0.6078751,0.0,3.304569,0.0,0.0,0.0,0.0,0.0,0.0,1.717789,1.743158,0.0,4.124865,0.0,0.0,0.001846497,0.45707127,0.83494717,0.0,3.8096712,0.0,3.1472435,1.2500288,1.7330805,1.6593647,0.0,1.8075901,0.6853727,2.3767476,0.0,2.2822695,0.0,0.0,2.160646,2.4090726,0.0,0.0,0.0,1.2946353,0.0,0.86783206,0.0,0.899804,0.0,0.0,0.0,0.0,0.0,0.96172476,3.0806396,2.023655,1.2846869,0.8901344,0.0,1.0153351,1.739209,1.4770837,4.375893,0.0,0.64709,0.3700381,2.4795346,0.0,0.0,0.88773763,2.3083177,1.640679,0.0,0.0,0.0,0.8904941,0.0,0.18189895,meta/natasya_sunda_images3.jpg
0.0,1.4326875,2.5535395,0.0,0.0,0.0,1.8506113,2.6262355,0.0,0.0,0.27446872,0.0,1.3982849,0.0,2.6486504,0.0,2.954494,0.0,0.6064219,0.0,2.0323215,0.0,0.0,0.1586116,0.0,0.0,2.501773,0.30311,0.8224406,0.0,0.0,0.0,0.0,0.0,2.392806,0.0,0.0,0.0,0.0,1.3405393,1.3780274,0.0,0.0,3.1349432,3.2220504,0.0,0.0,0.0,2.3078368,0.0,0.0,0.0,0.1796503,0.87770647,0.13778412,1.3813919,0.0,2.3254204,0.18129842,0.0,0.0,0.0,1.5706669,1.9682784,1.5814078,1.3314949,1.3533486,0.42219195,2.5132396,0.36349577,1.4042921,0.38299733,3.330408,0.0,4.4039893,0.0,1.1953398,0.0,0.3482741,1.5369011,0.0,1.4745729,0.0,0.0,0.0,1.7874273,0.0,0.0,1.318817,2.839534,0.7927747,0.0,0.7168763,1.4098084,0.0,2.8909812,0.0,0.0,0.041126095,0.0,0.0,0.0,3.0071645,1.3229234,1.193976,0.3630295,0.0,4.6225,1.1892279,3.199921,2.1829083,3.4099202,0.29770434,0.0,0.0,0.78022575,2.6044307,0.0,0.0,0.9045423,4.6116605,1.7694006,0.41747963,2.1882186,0.0,0.0,0.0,0.0,meta/natasya_sunda_images4.jpg
0.0,1.7095628,3.2168856,0.25213012,0.7005907,0.0,3.6538022,2.437074,0.0,0.0,0.0,0.0,0.39405695,0.0,0.3505574,0.0020700619,0.0,0.40553957,0.87896454,0.0,2.0416377,0.0,2.9893997,0.16481318,0.6619576,0.0,1.5693296,0.0,2.2568061,0.0,0.0,0.0,0.0,0.0,2.6776352,0.0,0.6180989,0.22360635,0.0,0.0,2.5207064,0.2856316,0.0,1.9620636,2.831821,0.0,1.0824639,0.9351487,0.4092905,0.0,0.0,0.0,0.0,0.0,0.0,0.0,0.0,0.0,0.29810965,0.0,0.0,0.0,0.0,1.4950327,1.2665735,0.7810975,1.9577378,2.4389606,2.104933,0.0,0.0,0.60852027,2.954471,0.0,5.3036103,0.0,0.53069836,0.0,1.4316368,2.421806,0.0,0.0,0.0,1.9160397,0.0,0.14658692,1.1287638,0.42648962,0.7788517,3.3204293,0.4269969,0.0,1.5941164,2.3044052,1.5616741,2.573161,0.0,0.0,1.4696064,0.0,0.0,0.0,1.1563387,4.0472393,1.2170312,0.83092636,0.0,0.70712525,1.2169198,0.27254426,0.8795306,1.055165,0.0,0.0,0.0,0.0,1.4327621,0.0,0.0,1.7707318,2.9399772,2.1257732,0.066290945,3.426144,0.033214763,0.1406895,0.0,0.38981244,meta/natasya_sunda_images5.jpg
0.0,0.70613325,0.6923401,0.9675947,0.0,2.1563866,1.046339,0.0,0.0,0.6993562,0.0,1.9804591,0.0,0.04307265,0.0,2.2231038,2.320837,0.0,1.2012452,0.0,2.5462499,0.8461648,0.0,1.7529789,0.0,0.0,0.38912883,0.17770515,3.348557,0.0,0.0,0.0,3.3664546,1.5718291,0.0,0.0,0.0,0.0,0.3613105,1.6105776,0.6987959,0.0,0.501987,1.890404,3.756686,0.0,0.0,0.0,2.3555245,0.5693551,0.14837466,0.28062776,4.6002135,0.0,1.2852288,0.0,1.0888821,4.611811,1.2364572,0.0,0.0,1.3424739,0.0,0.5204624,3.6056578,0.70894194,0.0,0.62770593,1.9692888,0.0,0.0,0.0,0.55390435,3.0802643,0.030295745,1.6772773,3.549989,0.0,0.095792875,0.0,2.709264,0.0,0.0,0.8619337,2.8205156,0.0,1.09948,0.0,0.0,5.092325,2.4787152,0.0,0.27786705,3.296496,0.0,2.457025,2.4987323,0.0,0.0,1.2705728,1.0701251,2.3636415,0.0,0.19638084,2.0258846,0.012969723,0.0,0.0,1.7711115,4.350877,0.89702815,1.8056723,0.0,0.0,2.3364346,2.0617352,0.508788,0.82772034,0.0,3.4537683,1.2744408,0.0,0.0,0.2420688,0.0,0.0,0.0,0.0,meta/nibras_sunda_images1.jpg
0.0,0.0,0.0,0.0,0.5313203,0.0,0.91899806,0.67212635,0.0,1.916053,0.0,0.0,1.964781,0.9267832,0.0,0.0,0.0,0.0,2.3340106,0.83762205,0.342657,0.04936029,0.0,0.20051907,1.0113212,0.0,0.0,0.17924035,0.0,2.0764875,0.0,0.2579407,1.6169853,0.55968314,1.3140138,0.7945626,0.0,2.5215116,0.9245844,0.0,3.0484488,0.2822166,0.0,0.51883215,1.1145416,0.0,0.0,0.0,0.9652903,0.0,0.0,1.1627363,0.0,1.8975601,0.0,0.0,2.251,0.96264493,0.21588534,0.0,0.0,2.0274131,0.0,0.98959523,0.0,0.0,0.0,0.0,3.7990088,0.0,1.5656537,0.0,2.5339236,0.0,0.0,2.1306405,1.4600017,0.0,0.0,1.8083664,0.2376235,2.9620883,1.8025411,0.8113075,0.0,0.43000948,0.0,0.0,0.0,0.53929067,0.0,0.0,0.0,1.4836867,0.0,0.0,2.2114882,0.0,0.0,0.12201585,1.1219748,0.0,1.6426657,0.0,0.0,0.0,0.0,0.79868025,3.8043604,0.1260004,0.07175428,2.3940327,0.0,1.9703434,0.0,0.5854406,4.392884,1.3655893,0.0,0.0,0.0,0.87875557,1.7067298,0.17099881,0.0,0.0,0.0,1.6855218,meta/nibras_sunda_images2.jpg
0.0,1.919134,0.0,0.0,0.0,0.0,0.0,2.050015,0.0,0.1353806,0.0,1.0770239,0.0,0.0,0.0,0.285557,1.2502505,0.65359783,1.5583638,0.0,1.1067504,0.76217943,0.05149421,1.8916551,0.0,0.0,0.0,2.078807,0.6767411,0.0,0.0,0.0,3.6734507,0.0,0.99237525,0.0,0.0,0.0,0.0,0.8826025,1.9174052,0.0,0.0,0.78769493,2.986891,0.13855533,0.0,0.0,0.42550343,0.0,0.0,0.57253706,1.6919758,0.0,1.6950841,0.0,1.5379121,0.032438166,0.0,0.0,0.0,1.8072207,1.2495953,0.0,1.7623992,0.0,0.0,2.7160468,0.5888113,0.0,0.0,0.9603606,0.0,0.0,0.0,0.65151244,0.0,0.0,0.0,2.64166,0.16284241,2.077867,0.71358436,0.0,0.0654363,0.052598357,3.5698526,0.68769,0.0,0.6855715,1.6870265,1.1516526,0.0,0.0,0.0,0.0,0.31138858,0.0,1.8218148,0.0,2.680823,0.0,0.25627753,0.0,0.0,0.0,0.0,0.27025142,2.4874709,0.0,0.23152314,0.0,0.0,0.1857499,0.0,0.65515816,2.4981437,0.0,0.0,0.0,0.2378461,0.0,0.29734224,1.2526408,0.0,0.0,1.2423983,0.0,meta/nibras_sunda_images3.jpg
0.0,4.5566053,2.350007,0.0,0.0,0.56075543,3.3883631,0.0,0.0,0.0,0.0,0.0,0.11540359,0.86745507,0.0,0.5662669,0.0,0.0,1.9073279,2.3558261,0.0,0.16297217,0.0,0.0,0.2606181,0.0,0.0,0.0,1.2450076,0.13444965,0.055501662,0.0,0.0,0.0,0.0,2.2694266,0.06962996,0.0,0.0,0.0,0.12234332,0.0,0.0,0.46806678,0.0,0.0,0.0,0.8454148,0.13746896,0.36256072,1.1425085,0.0,1.2568675,0.0,0.0,0.0,0.0,1.9403988,0.0,0.0,0.0,1.4246863,0.13774127,0.0,0.0,0.0,0.0,0.0,3.8958585,0.0,0.18248358,0.0,0.0,1.6796947,0.13245133,0.33586624,0.09992704,0.0,0.0,0.0,0.0,0.0,1.8478565,0.0,4.1161046,0.0,0.26638255,0.0,0.0,1.7384207,1.8183341,0.0,0.5739294,3.052843,0.0,0.0,1.2695165,0.17795083,0.0,0.0,1.0922945,2.3250513,1.8315717,0.7978437,1.0285858,0.0,0.588897,0.0,2.1153176,0.66550016,0.7380737,0.7830611,0.6191427,0.3576371,0.0,0.0,1.0926816,0.0,0.6077794,0.26138538,0.9243214,0.0,0.0,0.48349208,0.2895422,0.0,0.43819886,1.3905392,meta/nibras_sunda_images4.jpg
0.0,1.316361,0.5116467,0.0,0.0,0.0,0.15924479,0.96765405,0.0,1.5050889,0.0,0.0,0.0,0.0,0.0,0.0,0.0,0.0,0.0,0.0,0.0,0.6892098,0.0,0.0,0.12821375,0.0,0.3345319,0.47557485,1.8442999,1.0331941,0.0,0.0,0.0,0.0,0.0,2.8326528,0.0,0.0,0.0,0.0,1.2835023,0.0,0.0,2.331648,1.9329681,0.0,0.0,0.0,0.576933,0.0,1.5572183,0.0,2.0581453,0.0,1.2615567,0.0,0.0,2.2058523,0.0,0.0,0.0,0.0,0.29440212,0.0,2.8779926,1.849553,0.0,0.0,1.9295526,0.0,0.0,0.28725556,1.7258152,0.0,0.0,1.4038383,0.97012293,2.3571203,0.9585831,0.0,0.9117346,0.0,0.0,0.0,1.6491572,0.0,0.60823643,0.0,2.4234169,3.5837514,0.0,0.0,2.5777066,4.090956,0.0,0.53167224,0.7504894,3.5499005,0.067431234,0.0,0.99135554,0.0,0.0,0.0,0.0,0.0,0.58569026,2.637501,0.48745358,1.9335868,2.6388745,0.0,0.9540833,0.0,0.70182884,0.0,4.1917396,2.5075145,1.8727393,0.06707688,1.2476684,0.0,0.0,0.0,0.0,0.4729369,1.8470602,0.46897367,meta/nibras_sunda_images5.jpg
0.0,0.23139633,0.57905054,0.0,0.97297865,0.6819893,0.0,1.456034,0.0,0.9522936,0.28317213,0.6224672,0.50097454,0.52839524,0.0,0.0,0.7910338,0.0,0.0,0.3086772,0.0,0.036208335,0.0,0.09567116,0.0,0.0,0.0,0.8383471,0.5902712,1.1601741,0.0,0.0,0.0,0.0,3.9856164,0.0,0.67200905,0.0,1.8634557,0.0,0.0,0.0,0.0,4.516065,2.4602735,0.0,0.13890631,0.0,0.0,0.0,0.3831565,0.0,0.0,0.0,0.0,0.0,0.0,0.0,0.0,0.0,0.0,0.0,0.0,0.0,2.0021656,0.0,1.1458324,0.25327033,1.0462509,0.90576965,2.2824547,0.23435113,0.0,0.3878325,0.0,0.0,3.2503939,2.823215,0.0,0.2724354,0.9854369,0.126783,0.0,0.0,0.0,0.0,0.97584707,0.20523582,0.32230824,1.8762602,1.4268562,0.0,0.0,2.562437,0.0,0.0,0.0,0.0,1.5596045,0.6902875,0.0,3.2158525,1.1661749,1.9923209,0.0,0.0,0.0,2.1565912,3.7403789,0.0,0.0,1.2923862,0.0,1.145082,0.0,0.0,3.851831,0.0,0.0,0.86053944,0.0,0.0,0.9587244,1.7696859,0.2487792,0.0,0.0,0.8310607,meta/nibras_sunda_images6.jpg
0.0,0.0,1.055394,0.0,0.0,0.0,0.28623253,0.021958776,0.0,0.0,0.9100444,0.0,0.0,0.0,0.0,1.2510307,1.9009902,0.0,0.10088333,0.22348358,0.0,1.4009732,0.0,0.287173,1.7256441,0.0,0.047041595,0.0,0.0,0.26023388,2.1289978,0.0,1.2044303,0.0,0.0,0.0,0.0,0.0,0.0,1.3186226,0.0,0.55408216,0.0,1.1302972,3.1783686,1.1494818,0.0,0.36614886,0.0,0.9926304,0.0,0.0,0.3478694,0.0,1.6428951,0.0,1.2700541,0.8813903,0.0,0.0,0.30701333,2.030059,0.0,0.0,1.3309572,0.0,0.0,0.0,3.0477376,0.0,0.0,1.4574898,0.19824716,0.0,0.0,0.0,0.0,1.6128932,0.55080074,0.827657,0.25493923,1.5303465,0.3547534,0.0,0.0,0.0,0.4499101,0.0,0.41741538,0.1497744,1.8465388,1.2663025,0.0,0.31091297,0.0,1.0688169,0.0,0.13694832,0.0,0.0,1.205056,0.4643943,0.0,0.06203212,0.03294673,0.0,0.25726554,0.0,2.671258,0.0,1.1001093,1.5803216,0.59661055,0.0,0.0,2.79096,0.0,0.0,0.5234824,0.0,1.3822033,0.5729604,0.0,0.0,0.8067157,0.0,1.1387691,2.4670315,meta/nino_batak_images1.jpg
0.0,0.0,1.4872038,0.62433106,0.0,0.0,0.0,0.0,0.8241828,2.1218674,0.0,1.1078044,0.0,0.0,0.32210863,1.2238195,0.48404473,3.5326407,0.0,1.8299628,0.04431464,1.0969188,0.6599196,0.0,1.5916907,0.0,0.6079581,0.0,1.0144978,0.40668207,1.8051798,0.0,3.1872025,0.0009962842,1.3648319,1.1164025,0.0,0.0,0.0,2.6269584,1.566052,0.22445127,0.0,5.0497894,2.3779078,1.0536318,1.0159861,0.0,0.0,1.0501034,0.33018386,0.0,0.7410661,0.0,1.0370464,0.18976362,0.1521688,0.0,2.2676299,0.0,0.0,0.0,0.0,0.0,1.7928095,0.72281784,1.1668365,1.5548271,0.0,0.0,0.0,1.4039932,0.0,0.0,1.5522628,1.4589257,0.70704997,1.3233281,2.7817075,0.27508608,0.0,3.3146222,0.47733355,0.0,0.0,0.47192758,0.302166,0.0,0.0,3.7021449,1.85124,0.0,0.0,1.7573771,0.0,2.7380636,0.576648,0.30631495,0.0,2.292306,1.0818869,1.2550526,1.6918232,1.060377,0.0,0.0,2.2310796,0.07068978,1.173866,1.5058695,1.7443262,0.0,3.7034657,0.8460808,0.0,0.0,0.32387102,0.16608337,2.0011442,0.36138144,3.3150322,0.0,3.0527961,0.0,0.0,0.0,0.0,1.91427,meta/nino_batak_images2.jpg
0.0,1.4771847,2.224904,0.0,1.2712759,0.0,0.17816712,1.5467736,1.4503617,0.0,0.33369616,0.5117897,0.0,0.0,0.0,1.2463704,1.9777102,0.0,0.0,0.26997748,0.0,1.4183253,0.0,0.0,0.4898178,0.0,2.2483358,0.0,1.0179002,0.8407337,1.029316,0.0,0.0,0.0,0.0,1.6102134,0.6447981,0.0,0.0,0.0,0.5770792,0.8325397,0.0,1.1165912,0.8021867,0.90141183,0.0,0.0,0.16582513,0.0,0.0,0.0,0.15909196,0.0,0.0,0.0,0.41636562,0.0,0.5292717,0.0,0.0,0.42034703,0.0,0.0,0.01589695,0.741694,0.0,2.0651236,0.35006666,0.0,0.0,0.2067764,0.0,0.0,1.2219175,2.1679606,2.5320797,1.9205576,1.86627,0.43091473,1.0815196,2.0233676,2.053014,0.0,1.7852794,0.3359981,0.0,0.0,0.0,2.6154304,0.58667326,0.0,1.6980933,2.0615067,1.5499636,0.7538909,0.0,1.7822703,0.0,0.0,0.06491638,2.6620736,0.0,0.0,0.0,2.4033232,1.2290312,1.1096025,0.6486618,0.027377462,2.0799708,0.0,0.0,1.0263532,0.0,0.0,0.8180769,0.90498865,0.0,0.0,2.6839137,0.0,2.269521,0.16721123,0.69951034,0.0,0.0,0.0,meta/nino_batak_images3.jpg
0.0,0.0,1.3821304,0.0,0.0,0.0,0.0,0.0,0.0,0.20329319,1.528653,0.0,0.0,0.0,0.0,0.9867153,1.1615443,0.0,0.0,0.0,0.0,0.8034163,0.0,0.0,2.0939379,0.0,1.3648374,0.0,0.0,0.5236686,1.8092625,0.0,1.6578634,0.0,0.0,1.0172521,0.0,0.16726547,0.0,0.77260303,0.0,0.52743554,0.0,0.42980206,2.0717297,0.51928777,0.0,0.05912648,0.4875797,0.118186325,0.0,0.0,0.8089275,0.0,2.0857773,0.0,0.97614145,1.0648373,0.0,0.0,1.3414378,1.0117154,0.0,0.0,1.7253443,0.79707116,0.0,0.5525999,3.0739279,0.0,0.0,1.0893852,0.86265844,0.0,0.0,0.77418107,0.0,1.8966861,0.05849794,0.70404017,0.5583981,1.5015891,0.0,0.0,0.01440805,0.0,0.03719061,0.0,0.65682507,0.0,2.2534602,1.3101386,0.0,0.30405587,0.0,0.7914991,0.0,0.04158729,0.0,0.0,0.5983497,0.9902888,0.0,0.0,0.0,0.08687934,1.0142705,0.0,3.0504782,0.0,1.0103023,0.39412665,0.0,0.0,0.0,2.5488126,0.0,0.0,0.0,0.0,0.5880137,0.24462597,0.0,0.0,1.3300112,0.0,1.3138347,3.630201,meta/nino_batak_images4.jpg
0.0,0.8722597,1.8858429,0.0,0.0,0.13046762,0.0,0.0,0.0,0.093989484,0.36192062,0.0,0.0,0.0,0.0,0.6509429,1.2136805,0.0,0.0,0.0,0.43804532,1.2617015,0.0,0.19177696,2.2660937,0.0,0.4592694,0.0,0.0,0.17501478,1.4316974,0.0,0.52954197,0.0,0.0,0.29781264,0.0,0.0,0.0,2.0346758,0.9878233,0.97180784,0.0,1.478655,1.8042932,0.0,0.0,0.38209808,0.9569878,0.0,0.0,0.0,0.42546207,0.0,1.2729685,0.0,1.2730838,0.83630985,0.0,0.0,0.54678416,2.3539557,0.0,0.0,1.383504,0.0,0.0,0.0,2.6507466,0.0,0.0,0.50170374,0.0,0.0,0.76038444,0.595589,0.0,1.974297,0.44858396,1.258591,0.2158223,1.4911237,0.32220528,1.7007071,0.0,0.1603864,0.89085126,0.0,0.19403757,0.54823256,0.50449216,0.40368956,0.0,0.39546257,0.0,0.0,0.0,0.0,0.0,0.0,1.2089496,0.0,0.0,0.0,0.73168445,0.13471198,0.086176746,0.0,2.3224022,0.0,2.110614,0.23931555,0.8522073,0.41437835,0.0,1.3025312,0.68907493,0.0,1.0427054,0.0,1.4087361,0.63567233,0.0,0.0,1.2113096,0.0,0.0,1.8301524,meta/nino_batak_images5.jpg
0.0,1.7220238,1.3213652,0.0,0.0,0.43852848,1.0880101,0.0,0.0,0.0,2.1680496,0.0,0.0,0.0,0.0,0.43169627,0.8680035,0.86887467,0.0,0.0,0.4029659,2.837731,1.5421053,0.5450258,0.0,2.1848824,2.0611854,0.5923896,3.3178694,1.4283724,0.0,0.2206493,4.6262445,0.0,0.0,0.0,1.0051686,0.0,0.0,1.6164433,0.0,1.1201847,0.0,1.5035062,0.6900728,0.0,0.0,1.5818805,0.0,1.1786054,0.54924524,0.39322165,0.5019107,0.0,0.0,0.09673859,0.0,0.0,0.0,1.4966239,0.0,1.9659458,0.0,0.0,2.2120793,2.9639096,0.0,0.0,0.0,1.3251016,0.0,0.85773575,1.8661408,1.3476819,1.507672,1.7336322,0.0,1.6932398,0.0,0.08301948,0.0,0.0,0.0,1.3414338,0.0,3.0457118,0.0,1.5001222,0.0,2.403118,0.109339505,0.67173445,0.7161058,0.0,0.0,0.93769777,0.0,0.0,2.528199,0.0,0.0,0.6159789,3.064665,0.0,0.0,0.0,2.328637,3.1085818,0.0,2.5996878,0.11552031,0.0,3.187739,1.539588,0.63196295,0.16939768,0.43088296,0.0,0.5053396,0.0,2.8095198,1.4419534,3.3160048,0.6636329,0.0,0.0,2.0513918,0.25938696,meta/nugrah_jawa_images1.jpg
0.67454857,2.495835,0.7528258,0.38845986,0.0,0.0,0.0,0.0,0.0,0.24548948,1.4060396,0.64356434,0.0,1.1162239,0.0,0.14513889,0.61871624,1.3977743,2.3543932,0.41585442,0.5217876,0.0,0.0,0.6021576,1.1643385,1.3799442,2.9521277,0.0,0.0,0.0782475,0.0,0.008086203,1.8010529,0.0,1.7781854,0.0,0.0,0.0,0.0,1.0411797,0.0,0.61429596,0.0,0.0,1.9253263,0.0,0.0,0.0,1.3054504,0.059138246,0.0,0.28989643,0.19700271,0.0,1.3868599,0.0,0.0,0.92313135,0.0,0.0,0.0,0.60480016,0.0,0.0,1.5033785,0.0,0.0,0.37645304,0.021608515,0.0,1.362693,1.9217551,1.8078918,0.032520067,0.8078154,1.730188,0.0,1.272597,0.0,0.0,0.056090992,2.577103,1.781811,2.2697687,0.0,0.765521,0.15830632,2.588553,0.0,0.33059087,0.0,0.6362241,2.5973732,0.9084828,0.0,0.37729803,0.19392274,0.68388766,0.0,0.0,0.0,0.0,0.0,2.2409909,0.29093048,0.8708622,0.0,1.3353207,2.0372624,0.9812331,0.5792205,0.0,1.3268209,0.0,0.0,1.72826,4.0845942,0.0,0.0,0.0,1.6498089,0.0,2.759047,2.997607,0.0,1.2756811,0.0,0.0,meta/nugrah_jawa_images2.jpg
0.0,2.214751,0.0,0.0,0.10228159,0.0,1.4081844,0.0,0.0,0.6704272,0.0,0.42091173,0.08729835,2.465781,0.0,0.0,2.24332,0.6748069,0.0,0.72423846,0.0,0.74156207,0.49437112,0.0,0.8684295,0.0,0.39667502,0.0,0.0,0.8673526,1.1382167,0.0,2.6776962,0.0,0.06444119,0.0,0.9749542,0.0,0.0,0.12761693,0.45637703,0.0,0.0,0.6138494,1.7545751,1.623217,0.0,0.0,0.03652238,0.0,0.102122545,0.098076105,0.7998431,0.0,0.0,0.0,0.74097335,0.0,0.0,0.0,0.0,0.13077573,1.4831024,0.0,4.002207,1.4295154,1.6708586,1.1272147,0.13637467,0.0,0.0,1.2789958,0.0,0.0,3.0543659,0.54987514,0.21018694,2.269459,1.5135058,0.0,0.56700027,2.4370456,0.5522302,1.1797189,0.0,1.2512953,0.0,0.0,0.0,2.797437,0.0,0.32600987,0.98762137,1.1713917,0.48029745,0.53847194,0.9618722,0.33014938,0.3987669,0.0,0.59325606,0.82040936,1.2918758,0.9328508,1.0448653,0.87425524,0.23065212,1.1693604,0.9738969,0.0,1.31994,0.0,0.82744074,0.0,0.0,0.0,1.9908785,2.1476762,0.0,0.0,0.70465153,1.6355982,0.17581931,1.8805938,0.32397693,0.0,0.0,1.9101596,meta/nugrah_jawa_images3.jpg
0.0,2.1559057,0.0,0.0,0.0,0.0,0.0,0.0,0.0,1.143551,0.42456776,2.537129,0.7346895,1.239636,0.0,0.0,0.0,0.17289828,2.2010906,0.0,1.3909199,0.0,0.0,0.23686878,2.8169706,0.061820894,2.4880955,0.0,0.0,0.0,0.0,0.0,0.44408014,0.0,0.0,0.0,1.6790643,0.0,0.0,0.117379814,0.27318078,0.15747197,0.0,0.0,1.9476252,0.08810211,0.0,0.0,0.26186612,0.0,0.0,0.7876503,0.17902757,0.0,0.3668017,0.0,0.0,0.0,0.0,0.0,0.0,1.7819932,0.0,0.0,0.31276512,0.0,2.0319023,0.0,0.0,0.0,0.0,0.0,1.4880022,0.0,0.0,0.0,0.0,1.558406,0.0,0.0,0.0,2.6457183,1.7136526,3.3975332,0.0,1.2118568,0.0,2.2346876,0.0,0.0,0.6293646,0.52991325,1.1938496,1.9259084,0.0,0.8703469,0.0635654,1.6539272,0.0,0.4706364,0.0,0.15282279,0.0,0.65915114,0.15980832,0.0,0.0,1.9707764,1.2929701,0.88885474,1.4251066,0.0,2.0714958,0.0,0.41959304,1.2074589,5.7011676,0.0,0.0,0.0,0.47313336,0.38966984,1.2576776,0.79829615,0.0,1.013418,0.0,0.7959119,meta/nugrah_jawa_images4.jpg
